offer_cost,optimal_threshold,max_net_value
50,0.2,120848.31755785886
100,0.30000000000000004,80738.91802924889
150,0.6000000000000001,45060.499457617494
200,0.7000000000000002,25195.142728950726
